id,name,country,contract_start_date
1,Mcmillan-Gross,BE,2023-08-10
2,Smith and Sons,FR,2023-02-28
3,Mora Inc,ES,2020-06-30
4,Garcia LLC,FR,2024-10-03
5,Palmer Group,GB,2024-03-02
6,Reed-Jones,DE,2021-06-25
7,Morrow PLC,US,2021-12-19
8,"Anderson, Johnson and Browning",AU,2021-12-18
9,Chambers Ltd,CA,2023-08-25
10,Miller-Arnold,BE,2024-04-27
11,King-Scott,DE,2021-02-22
12,"Thompson, Martinez and Black",AU,2021-07-17
13,Jones Inc,BE,2024-11-15
14,"Solomon, Washington and Allen",FR,2020-02-24
15,"Garcia, Barker and Lawrence",ES,2020-02-11
16,Bell-Sheppard,FR,2023-08-28
17,Paul-Robinson,DE,2024-02-11
18,Fuentes-Castillo,DE,2021-11-04
19,Stuart-Garner,IT,2021-08-21
20,Lawrence-Castro,DE,2022-07-10
21,Wiggins-Lewis,ES,2024-05-23
22,Holmes-Wilkinson,IT,2021-07-05
23,King-Lloyd,GB,2023-06-22
24,Anderson Inc,BE,2022-08-25
25,Johnson PLC,DE,2023-11-16
